ROIs	HH	HR
WM	0.436001	0.79638
